,age.30,age.60,workclass.Private,workclass.Self.emp,workclass.gov,education.num.9,Prof,white,Male,hours.50,hours.30,US,causal_effect,n11,n12,n21,n22,pi_1,pi_2,phi,bias,N
0,,,,,0.0,,,,,,,1.0,0.497827,2072,2119,2396,12293,0.4943927463612503,0.16311525631424875,0.3312774900470016,0.16654950995299844,18880
1,,,0.0,0.0,1.0,,,0.0,1.0,,,,0.5,51,56,49,180,0.4766355140186916,0.21397379912663755,0.26266171489205403,0.23733828510794597,336
2,,,0.0,0.0,1.0,,,1.0,1.0,,,,0.584397,399,305,288,687,0.5667613636363636,0.2953846153846154,0.27137674825174823,0.3130202517482518,1679
3,,,,,0.0,,,0.0,,,,0.0,0.386179,116,167,43,476,0.4098939929328622,0.08285163776493257,0.3270423551679297,0.05913664483207032,802
4,,,,,0.0,,,1.0,1.0,,,0.0,0.497817,119,95,101,724,0.5560747663551402,0.12242424242424242,0.43365052393089776,0.06416647606910225,1039
5,,,0.0,0.0,1.0,,,,0.0,,,,0.262745,148,349,66,672,0.2977867203219316,0.08943089430894309,0.20835582601298852,0.054389173987011485,1235
6,,,,,0.0,,,1.0,0.0,,,0.0,0.283784,16,70,23,341,0.18604651162790697,0.06318681318681318,0.12285969844109379,0.1609243015589062,450
