,age.30,age.60,workclass.Private,workclass.Self.emp,workclass.gov,education.num.9,Prof,white,Male,hours.50,hours.30,US,causal_effect,n11,n12,n21,n22,pi_1,pi_2,phi,bias,N
0,,,0.0,0.0,1.0,,,,,,,,0.440892,612,688,406,1579,0.4707692307692308,0.20453400503778338,0.2662352257314474,0.17465677426855258,3285
1,,,,,0.0,,,0.0,1.0,,0.0,0.0,0.518717,78,85,37,253,0.4785276073619632,0.12758620689655173,0.35094140046541145,0.16777559953458854,453
2,,,,,0.0,,,1.0,1.0,,0.0,0.0,0.502262,118,78,103,668,0.6020408163265306,0.13359273670557717,0.4684480796209535,0.033813920379046514,967
3,,,,,0.0,,,,0.0,,0.0,0.0,0.238806,32,101,28,439,0.24060150375939848,0.059957173447537475,0.180644330311861,0.05816166968813899,600
4,,,,,0.0,,,,,,,1.0,0.494833,2027,2048,2402,12389,0.4974233128834356,0.16239605165303225,0.3350272612304034,0.15980573876959664,18866
5,,,,,0.0,,,,,0.0,1.0,0.0,0.134615,6,40,8,196,0.13043478260869565,0.0392156862745098,0.09121909633418585,0.04339590366581417,250
