,age.30,age.60,workclass.Private,workclass.Self.emp,workclass.gov,education.num.9,Prof,white,Male,hours.50,hours.30,US,causal_effect,n11,n12,n21,n22,pi_1,pi_2,phi,bias,N
0,,,,,0.0,,,,,,,1.0,0.491582,2090,2085,2341,12333,0.5005988023952096,0.1595338694289219,0.3410649329662877,0.15051706703371232,18849
1,,,0.0,0.0,1.0,,,,,,,,0.45553,616,736,405,1533,0.4556213017751479,0.2089783281733746,0.2466429736017733,0.20888702639822668,3290
2,,,,,0.0,,,0.0,,,,0.0,0.385768,108,154,43,458,0.4122137404580153,0.08582834331337326,0.32638539714464204,0.05938260285535796,763
3,,,,,0.0,,,1.0,0.0,,,0.0,0.263158,17,67,22,334,0.20238095238095238,0.06179775280898876,0.14058319957196364,0.12257480042803637,440
4,,,,,0.0,,,1.0,1.0,,,0.0,0.495455,124,99,113,743,0.5560538116591929,0.13200934579439252,0.4240444658648004,0.0714105341351996,1079
