"","gestat10","hydra","incervix","nprevistq","n11","n12","n21","n22","pi_1","pi_2","phi","z_significant","index"
"1",NA,0,NA,NA,42,451,40,316,0.0851926977687627,0.112359550561798,-0.0271668527930351,1.20459374629323,"6 14 7 15 5 13"
"2",NA,NA,0,NA,164,739,133,549,0.181616832779623,0.195014662756598,-0.0133978299769748,0.611778075102924,"3 11 8 16 4 12"
