"","gestat10","hydra","incervix","nprevistq","n11","n12","n21","n22","pi_1","pi_2","phi","z_significant","index"
"1",1,0,0,1,3.5,268.5,8.5,153.5,0.0128676470588235,0.0524691358024691,-0.0396014887436456,2.13098018388902,"7"
"2",1,NA,0,1,4,285,9,157,0.013840830449827,0.0542168674698795,-0.0403760370200525,2.19628667775056,"3 7"
"3",NA,0,NA,NA,142.5,696.5,124.5,425.5,0.16984505363528,0.226363636363636,-0.0565185827283562,2.54466733103357,"7 14 16"
"4",NA,NA,0,NA,27,312,29,170,0.079646017699115,0.14572864321608,-0.0660826255169654,2.27697141358517,"11 12 3 7"
"5",NA,NA,NA,NA,211.5,1245.5,172.5,802.5,0.145161290322581,0.176923076923077,-0.0317617866004963,2.04843978861503,"7 14 16 15 3 5 13 4 8 11 12"
