"","gestat10","hydra","incervix","nprevistq","n11","n12","n21","n22","pi_1","pi_2","phi","z_significant","index"
"1",0,1,0,0,5.5,19.5,17.5,10.5,0.22,0.625,-0.405,2.69213908192703,"12"
"2",0,1,NA,0,6,21,18,11,0.222222222222222,0.620689655172414,-0.398467432950192,2.74063287213085,"10 12"
"3",NA,1,0,NA,13,36,26,26,0.26530612244898,0.5,-0.225948550688952,2.2167511901732,"3 11 4 12"
"4",NA,NA,NA,NA,211.5,1182.5,185.5,857.5,0.151721664275466,0.177852348993289,-0.0359626232676461,1.67295692180567,"10 12 3 11 4 7 8 15 16 13 14 5 6"
