"","gestat10","hydra","incervix","nprevistq","n11","n12","n21","n22","pi_1","pi_2","phi","z_significant","index"
"1",0,1,NA,NA,18.5,30.5,22.5,16.5,0.377551020408163,0.576923076923077,-0.199372056514914,1.64740369634,"10 11 12"
"2",NA,NA,NA,NA,200,1167,155,826,0.146305779078274,0.158002038735984,-0.0116962596577101,0.721871343169758,"13 14 5 6 15 16 7 8 3 4"
