"","gestat10","hydra","incervix","n11","n12","n21","n22","pi_1","pi_2","phi","z_significant","index"
"1",0,1,0,16.5,23.5,26.5,11.5,0.4125,0.697368421052632,-0.284868421052632,2.30066549591148,"6"
"2",0,0,0,164.5,571.5,143.5,373.5,0.223505434782609,0.277562862669246,-0.0540574278866369,2.12124378810378,"8"
"3",0,0,NA,177,579,152,378,0.234126984126984,0.286792452830189,-0.0526654687032045,2.06562811563552,"7 8"
"4",0,1,NA,17,25,27,12,0.404761904761905,0.692307692307692,-0.287545787545788,2.37263818842275,"5 6"
"5",NA,1,0,19,33,27,19,0.365384615384615,0.58695652173913,-0.221571906354515,1.99065930790561,"2 6"
"6",NA,0,NA,165,574,145,377,0.223274695534506,0.277777777777778,-0.0545030822432717,2.14754379724219,"3 8"
"7",NA,NA,NA,208,1194,191,828,0.148359486447932,0.187438665358194,-0.0390791789102628,2.50326595338648,"2 6 7 8 4 3"
