"","gestat10","hydra","incervix","nprevistq","n11","n12","n21","n22","pi_1","pi_2","phi","z_significant","index"
"1",0,1,0,0,13.5,21.5,18.5,3.5,0.385714285714286,0.840909090909091,-0.455194805194805,3.09744029218262,"12"
"2",0,0,0,0,130.5,439.5,109.5,265.5,0.228947368421053,0.292,-0.0630526315789474,2.10219510134548,"16"
"3",0,0,NA,0,143,443,118,268,0.244027303754266,0.305699481865285,-0.0616721781110187,2.0488479099325,"14 16"
"4",0,1,NA,0,14,23,19,4,0.378378378378378,0.826086956521739,-0.447708578143361,3.12233221240319,"10 12"
"5",0,NA,0,NA,168.5,606.5,141.5,371.5,0.21741935483871,0.275828460038986,-0.0584091052002767,2.33390724464582,"16 11 15"
"6",NA,NA,0,NA,186.5,1200.5,155.5,779.5,0.134462869502523,0.166310160427807,-0.0318472909252841,2.06404324266182,"7 8 3 4 16 11 15"
"7",NA,NA,NA,NA,185.5,621.5,152.5,383.5,0.229863692688971,0.284514925373134,-0.0546512326841628,2.19583975001714,"16 11 15 14 6 5 13"
