"","gestat10","hydra","incervix","nprevistq","n11","n12","n21","n22","pi_1","pi_2","phi","z_significant","index"
"1",1,0,1,NA,3,6,1,6,0.333333333333333,0.142857142857143,0.19047619047619,0.290957186981323,"5 6"
"2",NA,NA,NA,NA,214.5,1192.5,176.5,838.5,0.152452025586354,0.173891625615764,-0.0214396000294096,1.35898411614729,"3 11 4 7 8 10 12 14 16 13 15"
