"","gestat10","hydra","incervix","nprevistq","n11","n12","n21","n22","pi_1","pi_2","phi","z_significant","index"
"1",0,0,0,0,124.5,401.5,126.5,276.5,0.236692015209125,0.313895781637717,-0.0772037664285917,2.55173277457071,"16"
"2",NA,0,0,0,135,700,131,505,0.161676646706587,0.205974842767296,-0.0442981960607088,2.11853184197107,"8 16"
"3",0,0,NA,NA,133.5,411.5,138.5,286.5,0.244954128440367,0.325882352941176,-0.0809282245008095,2.71195051593399,"16 13 14"
"4",NA,0,0,NA,167,1141,163,792,0.127675840978593,0.170680628272251,-0.043004787293658,2.80250468485349,"7 15 8 16"
"5",0,NA,NA,0,137.5,421.5,145.5,286.5,0.245974955277281,0.336805555555556,-0.0908306002782747,3.06820043775334,"16 10 12"
"6",NA,NA,0,0,137.5,704.5,131.5,512.5,0.163301662707838,0.204192546583851,-0.0408908838760125,1.96070008293607,"4 8 16"
"7",NA,0,NA,NA,169,1146,165,798,0.12851711026616,0.171339563862928,-0.0428224535967686,2.79437071414534,"5 6 7 15 8 16"
"8",NA,NA,0,NA,129.5,422.5,133.5,284.5,0.234601449275362,0.319377990430622,-0.0847765411552597,2.86832210593378,"16 3 11"
