"","gestat10","hydra","incervix","nprevistq","n11","n12","n21","n22","pi_1","pi_2","phi","z_significant","index"
"1",0,0,0,1,20.5,195.5,25.5,122.5,0.0949074074074074,0.172297297297297,-0.0773898898898899,2.02215804710366,"15"
"2",NA,0,0,1,27,450,35,302,0.0566037735849057,0.103857566765579,-0.047253793180673,2.36920031142343,"7 15"
"3",0,0,NA,1,21,205,26,130,0.0929203539823009,0.166666666666667,-0.0737463126843658,1.99839175961561,"13 15"
"4",NA,NA,0,1,21,208,26,126,0.091703056768559,0.171052631578947,-0.0793495748103884,2.14727327539388,"3 15"
"5",0,NA,0,NA,31,215,40,134,0.126016260162602,0.229885057471264,-0.103868797308663,2.66560952200482,"12 15"
"6",NA,NA,NA,1,27,228,30,139,0.105882352941176,0.177514792899408,-0.0716324399582318,1.97168201437666,"11 15 13 3"
"7",NA,NA,0,NA,49,782,56,545,0.0589651022864019,0.0931780366056572,-0.0342129343192553,2.34843669982921,"12 15 3 4 8 7"
"8",NA,NA,NA,NA,212,1230,164,829,0.147018030513176,0.16515609264854,-0.0181380621353636,1.16017710623872,"11 15 13 3 12 4 8 7 5 6 14 16"
