"","gestat10","hydra","incervix","nprevistq","n11","n12","n21","n22","pi_1","pi_2","phi","z_significant","index"
"1",1,0,0,1,4.5,247.5,11.5,190.5,0.0178571428571429,0.0569306930693069,-0.0390735502121641,1.98774572823625,"7"
"2",1,0,0,NA,9,564,16,406,0.0157068062827225,0.037914691943128,-0.0222078856604055,2.00712296581017,"7 8"
"3",NA,1,0,NA,17,41,24,21,0.293103448275862,0.533333333333333,-0.240229885057471,2.26754499498526,"3 11 4 12"
"4",NA,NA,NA,NA,204.5,1230.5,180.5,817.5,0.142508710801394,0.180861723446894,-0.0383530126455,2.49309969026639,"3 11 4 12 7 15 8 5 13 14 16"
