"","gestat10","hydra","incervix","n11","n12","n21","n22","pi_1","pi_2","phi","z_significant","index"
"1",0,1,0,20.5,29.5,23.5,12.5,0.41,0.652777777777778,-0.242777777777778,2.00335637080295,"6"
"2",0,0,0,151.5,584.5,130.5,368.5,0.205842391304348,0.261523046092184,-0.0556806547878365,2.21839975240501,"8"
"3",0,1,NA,21,31,24,13,0.403846153846154,0.648648648648649,-0.244802494802495,2.06147897523127,"5 6"
"4",0,0,NA,161,589,142,374,0.214666666666667,0.275193798449612,-0.0605271317829457,2.41318320244706,"7 8"
"5",NA,0,NA,161.5,592.5,143.5,377.5,0.214190981432361,0.275431861804223,-0.0612408803718619,2.45302323428467,"3 7 8"
"6",NA,NA,0,185,1203,166,827,0.13328530259366,0.167170191339376,-0.0338848887457157,2.24098760865226,"6 8 2 4"
