"","gestat10","hydra","incervix","nprevistq","n11","n12","n21","n22","pi_1","pi_2","phi","z_significant","index"
"1",NA,1,0,NA,17,39,21,22,0.303571428571429,0.488372093023256,-0.184800664451827,1.66563227669634,"11 12 3 4"
"2",NA,0,NA,NA,207.5,1187.5,133.5,804.5,0.148745519713262,0.142324093816631,0.0064214258966305,0.370719600170945,"7 15 8 16 14 5 13"
