"","gestat10","hydra","incervix","nprevistq","n11","n12","n21","n22","pi_1","pi_2","phi","z_significant","index","CATE_n11","CATE_n12","CATE_n21","CATE_n22","CATE","bias","N"
"1",0,1,0,0,5.5,19.5,17.5,10.5,0.22,0.625,-0.405,2.69213908192703,"12",19.5,17.5,16.5,8.5,-0.132972972972973,0.272027027027027,62
"2",0,1,NA,0,6,21,18,11,0.222222222222222,0.620689655172414,-0.398467432950192,2.74063287213085,"10 12",19.5,17.5,16.5,8.5,-0.132972972972973,0.265494459977219,62
"3",NA,1,0,NA,13,36,26,26,0.26530612244898,0.5,-0.225948550688952,2.2167511901732,"3 11 4 12",22.5,45.5,19.5,19.5,-0.169117647058824,0.0568309036301285,107
"4",NA,NA,NA,NA,211.5,1182.5,185.5,857.5,0.151721664275466,0.177852348993289,-0.0359626232676461,1.67295692180567,"10 12 3 11 4 7 8 15 16 13 14 5 6",206.5,1240.5,167.5,797.5,-0.0308660763201335,0.0050965469475126,2412
