"","gestat10","hydra","incervix","nprevistq","n11","n12","n21","n22","pi_1","pi_2","phi","z_significant","index","CATE_n11","CATE_n12","CATE_n21","CATE_n22","CATE","bias","N"
"1",0,1,NA,NA,18.5,30.5,22.5,16.5,0.377551020408163,0.576923076923077,-0.199372056514914,1.64740369634,"10 11 12",14.5,24.5,22.5,12.5,-0.271062271062271,0.0716902145473571,74
"2",NA,NA,NA,NA,200,1167,155,826,0.146305779078274,0.158002038735984,-0.0116962596577101,0.721871343169758,"13 14 5 6 15 16 7 8 3 4",199.5,1225.5,175.5,812.5,-0.0376315789473684,0.0259353192896583,2413
