"","gestat10","hydra","incervix","nprevistq","n11","n12","n21","n22","pi_1","pi_2","phi","z_significant","index","CATE_n11","CATE_n12","CATE_n21","CATE_n22","CATE","bias","N"
"1",0,1,0,0,9.5,19.5,17.5,9.5,0.327586206896552,0.648148148148148,-0.320561941251596,2.13126333908196,"12",15.5,17.5,16.5,9.5,-0.164918414918415,0.155643526333181,59
"2",0,1,0,NA,13,26,24,11,0.333333333333333,0.685714285714286,-0.352380952380952,2.79402816853972,"11 12",19.5,27.5,20.5,17.5,-0.12458006718925,0.227800885191702,85
"3",0,0,NA,NA,176,638,143,383,0.216216216216216,0.271863117870722,-0.0556469016545062,2.26987871789638,"14 16 13 15",175.5,568.5,137.5,390.5,-0.0245295698924731,0.0311173317620331,1272
"4",NA,0,NA,NA,176.5,639.5,144.5,385.5,0.216299019607843,0.272641509433962,-0.0563424898261191,2.30442963162797,"5 14 16 13 15",191.5,1152.5,151.5,815.5,-0.0141849947062589,0.0421574951198602,2311
"5",NA,NA,NA,NA,205,1228,179,813,0.143056524773203,0.180443548387097,-0.0373870236138937,2.42295741080119,"14 16 13 15 11 12 7 8 3 4",211.5,1192.5,171.5,838.5,-0.0191609545569942,0.0182260690568995,2414
