"","gestat10","hydra","incervix","nprevistq","n11","n12","n21","n22","pi_1","pi_2","phi","z_significant","index","CATE_n11","CATE_n12","CATE_n21","CATE_n22","CATE","bias","N"
"1",0,1,0,0,8.5,16.5,17.5,6.5,0.34,0.729166666666667,-0.389166666666667,2.44240741024845,"12",16.5,20.5,16.5,12.5,-0.123019571295433,0.266147095371234,66
"2",0,1,0,NA,10,26,22,9,0.277777777777778,0.709677419354839,-0.431899641577061,3.2836642149957,"11 12",22.5,27.5,22.5,19.5,-0.0857142857142857,0.346185355862775,92
"3",0,NA,NA,0,18.5,22.5,27.5,9.5,0.451219512195122,0.743243243243243,-0.292023731048121,2.38771215936812,"12 10 14",154.5,434.5,130.5,281.5,-0.0544385745133269,0.237585156534794,1001
"4",NA,1,0,NA,13,39,23,20,0.25,0.534883720930233,-0.284883720930233,2.63652841495515,"11 12 3 4",22.5,42.5,22.5,25.5,-0.122596153846154,0.162287567084079,113
"5",NA,NA,NA,NA,210,1221,178,825,0.146750524109015,0.177467597208375,-0.0307170730993602,1.98145831355069,"12 10 14 11 3 4 5 13 7 15 8 16",207.5,1201.5,174.5,829.5,-0.0265372152270973,0.00417985787226291,2413
