"","gestat10","hydra","incervix","n11","n12","n21","n22","pi_1","pi_2","phi","z_significant","index","CATE_n11","CATE_n12","CATE_n21","CATE_n22","CATE","bias","N"
"1",0,1,0,16.5,23.5,26.5,11.5,0.4125,0.697368421052632,-0.284868421052632,2.30066549591148,"6",15.5,29.5,17.5,16.5,-0.170261437908497,0.114606983144135,79
"2",0,0,0,164.5,571.5,143.5,373.5,0.223505434782609,0.277562862669246,-0.0540574278866369,2.12124378810378,"8",164.5,615.5,119.5,385.5,-0.0257362274689007,0.0283212004177362,1285
"3",0,0,NA,177,579,152,378,0.234126984126984,0.286792452830189,-0.0526654687032045,2.06562811563552,"7 8",173.5,626.5,127.5,394.5,-0.0273778735632184,0.0252875951399861,1322
"4",0,1,NA,17,25,27,12,0.404761904761905,0.692307692307692,-0.287545787545788,2.37263818842275,"5 6",15.5,29.5,17.5,16.5,-0.170261437908497,0.117284349637291,79
"5",NA,1,0,19,33,27,19,0.365384615384615,0.58695652173913,-0.221571906354515,1.99065930790561,"2 6",15.5,47.5,17.5,25.5,-0.1609449981543,0.0606269082002145,106
"6",NA,0,NA,165,574,145,377,0.223274695534506,0.277777777777778,-0.0545030822432717,2.14754379724219,"3 8",191.5,1177.5,141.5,798.5,-0.0106487885240042,0.0438542937192675,2309
"7",NA,NA,NA,208,1194,191,828,0.148359486447932,0.187438665358194,-0.0390791789102628,2.50326595338648,"2 6 7 8 4 3",206.5,1224.5,158.5,823.5,-0.0171006132751512,0.0219785656351116,2413
