"","gestat10","hydra","incervix","nprevistq","n11","n12","n21","n22","pi_1","pi_2","phi","z_significant","index","CATE_n11","CATE_n12","CATE_n21","CATE_n22","CATE","bias","N"
"1",0,0,0,NA,163,596,136,375,0.214756258234519,0.26614481409002,-0.0513885558555005,2.04923895879689,"15 16",166.5,591.5,127.5,384.5,-0.0293664454155673,0.0220221104399332,1270
"2",0,NA,0,NA,186,624,159,395,0.22962962962963,0.287003610108303,-0.0573739804786736,2.3305774267166,"15 16 11 12",175.5,616.5,148.5,392.5,-0.0529007729793312,0.00447320749934241,1333
"3",NA,NA,NA,NA,200,635,169,408,0.239520958083832,0.292894280762565,-0.0533733226787327,2.18236402174196,"15 16 11 12 13 14 5 6",204.5,1215.5,172.5,819.5,-0.0298770445252158,0.0234962781535169,2412
"4",NA,NA,NA,NA,213,1207,180,835,0.15,0.177339901477833,-0.0273399014778325,1.75214229415251,"15 16 11 12 4 8 3 7 13 14 5 6",204.5,1215.5,172.5,819.5,-0.0298770445252158,0.00253714304738331,2412
