"","gestat10","hydra","incervix","nprevistq","n11","n12","n21","n22","pi_1","pi_2","phi","z_significant","index","CATE_n11","CATE_n12","CATE_n21","CATE_n22","CATE","bias","N"
"1",0,0,0,NA,146,578,138,400,0.201657458563536,0.256505576208178,-0.0548481176446425,2.23925115447957,"15 16",183.5,609.5,125.5,359.5,-0.0273631388047477,0.0274849788398948,1278
"2",0,0,NA,NA,160,586,148,408,0.214477211796247,0.266187050359712,-0.0517098385634656,2.10586644202716,"15 16 13 14",191.5,620.5,132.5,365.5,-0.0302268186044671,0.0214830199589985,1310
"3",NA,NA,0,NA,158.5,851.5,155.5,601.5,0.156930693069307,0.205416116248349,-0.0484854231790418,2.57551804673303,"15 16 11 3 7",211.5,1213.5,161.5,784.5,-0.0222977634360743,0.0261876597429675,2371
"4",0,NA,NA,NA,159,600,150,407,0.209486166007905,0.269299820466786,-0.0598136544588812,2.46338483127913,"10 12 15 16",205.5,647.5,158.5,380.5,-0.0531486600821721,0.00666499437670911,1392
"5",NA,0,NA,NA,146.5,580.5,139.5,401.5,0.201513067400275,0.257855822550832,-0.0563427551505567,2.30631362279432,"5 15 16",206.5,1189.5,142.5,772.5,-0.00781506881488092,0.0485276863356758,2311
"6",NA,NA,NA,NA,169,1163,161,843,0.126876876876877,0.160358565737052,-0.0334816888601749,2.24006791264167,"4 6 8 15 16 11 3 7",221.5,1227.5,168.5,795.5,-0.0219284869519399,0.011553201908235,2413
