"","gestat10","hydra","incervix","nprevistq","n11","n12","n21","n22","pi_1","pi_2","phi","z_significant","index","CATE_n11","CATE_n12","CATE_n21","CATE_n22","CATE","bias","N"
"1",0,0,0,0,124.5,401.5,126.5,276.5,0.236692015209125,0.313895781637717,-0.0772037664285917,2.55173277457071,"16",145.5,438.5,87.5,262.5,-0.000856164383561647,0.07634760204503,934
"2",NA,0,0,0,135,700,131,505,0.161676646706587,0.205974842767296,-0.0442981960607088,2.11853184197107,"8 16",153.5,752.5,91.5,494.5,0.0132827038552238,0.0575808999159326,1492
"3",0,0,NA,NA,133.5,411.5,138.5,286.5,0.244954128440367,0.325882352941176,-0.0809282245008095,2.71195051593399,"16 13 14",191.5,617.5,119.5,384.5,-0.000391184491926128,0.0805370400088834,1313
"4",NA,0,0,NA,167,1141,163,792,0.127675840978593,0.170680628272251,-0.043004787293658,2.80250468485349,"7 15 8 16",190.5,1173.5,125.5,795.5,0.00339782717370191,0.0464026144673599,2285
"5",0,NA,NA,0,137.5,421.5,145.5,286.5,0.245974955277281,0.336805555555556,-0.0908306002782747,3.06820043775334,"16 10 12",168.5,460.5,107.5,272.5,-0.0150092042506903,0.0758213960275844,1009
"6",NA,NA,0,0,137.5,704.5,131.5,512.5,0.163301662707838,0.204192546583851,-0.0408908838760125,1.96070008293607,"4 8 16",165.5,773.5,106.5,507.5,0.0027985624737662,0.0436894463497787,1553
"7",NA,0,NA,NA,169,1146,165,798,0.12851711026616,0.171339563862928,-0.0428224535967686,2.79437071414534,"5 6 7 15 8 16",204.5,1184.5,130.5,801.5,0.0072067625147928,0.0500292161115614,2321
"8",NA,NA,0,NA,129.5,422.5,133.5,284.5,0.234601449275362,0.319377990430622,-0.0847765411552597,2.86832210593378,"16 3 11",205.5,1210.5,144.5,815.5,-0.00539371468926553,0.0793828264659942,2376
