"","gestat10","hydra","incervix","nprevistq","n11","n12","n21","n22","pi_1","pi_2","phi","z_significant","index","CATE_n11","CATE_n12","CATE_n21","CATE_n22","CATE","bias","N"
"1",NA,1,0,NA,23,46,21,24,0.333333333333333,0.466666666666667,-0.133333333333333,1.23257819705595,"3 11 4 12",12.5,35.5,24.5,21.5,-0.272192028985507,0.138858695652174,94
"2",NA,0,NA,NA,200,1185,150,785,0.144404332129964,0.160427807486631,-0.0160234753566671,0.99857479777264,"6 8 5 7 15 16 13 14",182.5,1155.5,157.5,824.5,-0.0239893570060795,0.00796588164941244,2320
