"","gestat10","hydra","incervix","nprevistq","n11","n12","n21","n22","pi_1","pi_2","phi","z_significant","index","CATE_n11","CATE_n12","CATE_n21","CATE_n22","CATE","bias","N"
"1",0,1,0,0,13.5,21.5,18.5,3.5,0.385714285714286,0.840909090909091,-0.455194805194805,3.09744029218262,"12",11.5,15.5,15.5,15.5,-0.0740740740740741,0.381120731120731,58
"2",0,0,0,0,130.5,439.5,109.5,265.5,0.228947368421053,0.292,-0.0630526315789474,2.10219510134548,"16",139.5,400.5,104.5,273.5,-0.0181216931216931,0.0449309384572543,918
"3",0,0,NA,0,143,443,118,268,0.244027303754266,0.305699481865285,-0.0616721781110187,2.0488479099325,"14 16",146.5,403.5,112.5,275.5,-0.0235848172446111,0.0380873608664076,938
"4",0,1,NA,0,14,23,19,4,0.378378378378378,0.826086956521739,-0.447708578143361,3.12233221240319,"10 12",11.5,15.5,15.5,15.5,-0.0740740740740741,0.373634504069287,58
"5",0,NA,0,NA,168.5,606.5,141.5,371.5,0.21741935483871,0.275828460038986,-0.0584091052002767,2.33390724464582,"16 11 15",179.5,612.5,147.5,412.5,-0.036751443001443,0.0216576621988337,1352
"6",NA,NA,0,NA,186.5,1200.5,155.5,779.5,0.134462869502523,0.166310160427807,-0.0318472909252841,2.06404324266182,"7 8 3 4 16 11 15",192.5,1173.5,159.5,849.5,-0.0171549030903421,0.014692387834942,2375
"7",NA,NA,NA,NA,185.5,621.5,152.5,383.5,0.229863692688971,0.284514925373134,-0.0546512326841628,2.19583975001714,"16 11 15 14 6 5 13",200.5,1184.5,167.5,859.5,-0.0183310543133237,0.0363201783708391,2412
