"","gestat10","hydra","incervix","nprevistq","n11","n12","n21","n22","pi_1","pi_2","phi","z_significant","index","CATE_n11","CATE_n12","CATE_n21","CATE_n22","CATE","bias","N"
"1",0,1,0,NA,15,28,27,16,0.348837209302326,0.627906976744186,-0.27906976744186,2.37296278541244,"11 12",17.5,25.5,17.5,12.5,-0.176356589147287,0.102713178294573,73
"2",NA,1,0,NA,17,40,28,25,0.298245614035088,0.528301886792453,-0.230056272757365,2.25807321231216,"11 12 3 4",18.5,41.5,17.5,20.5,-0.15219298245614,0.0778632903012247,98
"3",NA,NA,NA,NA,227,1233,174,801,0.155479452054795,0.178461538461538,-0.0229820864067439,1.44244469580544,"11 12 3 4 7 15 8 16 13 14 5 6",190.5,1189.5,178.5,853.5,-0.0349216380182002,0.0119395516114563,2412
