"","gestat10","hydra","incervix","nprevistq","n11","n12","n21","n22","pi_1","pi_2","phi","z_significant","index","CATE_n11","CATE_n12","CATE_n21","CATE_n22","CATE","bias","N"
"1",NA,1,0,1,3,17,6,4,0.15,0.6,-0.45,2.11288563682129,"3 11",5.5,20.5,5.5,11.5,-0.111990950226244,0.338009049773756,43
"2",NA,1,NA,NA,14.5,38.5,26.5,23.5,0.273584905660377,0.53,-0.256415094339623,2.45565609795589,"3 11 4 10 12",21.5,44.5,19.5,22.5,-0.138528138528139,0.117886955811484,108
"3",NA,NA,NA,NA,200.5,1197.5,187.5,851.5,0.143419170243205,0.18046198267565,-0.0370428124324451,2.41578321178633,"15 16 7 8 13 14 5 6 3 11 4 10 12",217.5,1225.5,165.5,803.5,-0.0200669829152801,0.016975829517165,2412
