"","gestat10","hydra","incervix","nprevistq","n11","n12","n21","n22","pi_1","pi_2","phi","z_significant","index","CATE_n11","CATE_n12","CATE_n21","CATE_n22","CATE","bias","N"
"1",0,0,0,1,22.5,198.5,29.5,125.5,0.101809954751131,0.190322580645161,-0.0885126258940301,2.2955531448962,"15",37.5,149.5,20.5,95.5,0.0238106214272543,0.112323247321284,303
"2",0,0,NA,1,23,210,30,132,0.0987124463519313,0.185185185185185,-0.0864727388332538,2.32999538714649,"13 15",39.5,150.5,20.5,98.5,0.0356258292790801,0.122098568112334,309
"3",NA,0,0,1,29,448,38,305,0.0607966457023061,0.110787172011662,-0.0499905263093557,2.44867365450437,"7 15",40.5,414.5,28.5,283.5,-0.00233516483516483,0.0476553614741909,767
"4",0,NA,0,NA,34.5,222.5,50.5,141.5,0.134241245136187,0.263020833333333,-0.128779588197147,3.32434672884371,"15 11 12",171.5,613.5,153.5,380.5,-0.0689818459409814,0.0597977422561656,1319
"5",NA,NA,0,NA,32,459,39,312,0.065173116089613,0.111111111111111,-0.0459379950214981,2.23941692379859,"7 15 3 4",183.5,1201.5,164.5,825.5,-0.0336706414323743,0.0122673535891238,2375
"6",NA,NA,NA,NA,225,1213,176,821,0.156467315716273,0.176529588766299,-0.0200622730500263,1.25697158448877,"15 11 12 7 3 4 14 5 6 13 8 16",192.5,1209.5,176.5,833.5,-0.0374486236070112,0.0173863505569849,2412
