,age.30,age.60,wkcls.private,wkcls.self_emp,wkcls.gov,occ.prof,sex.male,hours.full,causal_effect,n11,n12,n21,n22,pi_1,pi_2,phi,bias,N
0,,,,,0.0,,1.0,,0.423196,5093,7092,5282,63564,0.41797291752154286,0.07672195915521599,0.3412509583663269,0.08194504163367311,81031
1,1.0,0.0,0.0,0.0,1.0,0.0,1.0,1.0,0.140625,5,50,32,324,0.09090909090909091,0.0898876404494382,0.0010214504596527119,0.1396035495403473,411
2,0.0,1.0,0.0,0.0,1.0,,1.0,1.0,0.718391,273,95,180,328,0.7418478260869565,0.3543307086614173,0.38751711742553924,0.33087388257446076,876
3,0.0,0.0,0.0,0.0,1.0,0.0,1.0,1.0,0.433908,160,176,195,963,0.47619047619047616,0.16839378238341968,0.3077966938070565,0.12611130619294353,1494
4,,,,,,,0.0,,0.137838,1638,10224,1265,72934,0.13808801213960548,0.017048747287699294,0.12103926485190618,0.01679873514809381,86061
5,,0.0,0.0,0.0,1.0,1.0,1.0,,0.318545,419,874,111,359,0.32405259087393656,0.23617021276595745,0.08788237810797911,0.2306626218920209,1763
6,0.0,1.0,0.0,0.0,1.0,,1.0,0.0,0.531532,61,63,47,159,0.49193548387096775,0.22815533980582525,0.2637801440651425,0.2677518559348575,330
7,,0.0,0.0,0.0,1.0,0.0,1.0,0.0,0.353712,184,306,157,1451,0.37551020408163266,0.09763681592039801,0.27787338816123464,0.07583861183876539,2098
