"","f2","f3","f4","f8","f9","f10","f11","n11","n12","n21","n22","pi_1","pi_2","phi","z_significant","index"
"1",1,0,0,0,0,0,1,125.5,2001.5,9.5,322.5,0.0590032910202163,0.0286144578313253,0.030388833188891,2.13126481001546,"63"
"2",0,0,0,0,1,0,1,852.5,1505.5,90.5,275.5,0.361535199321459,0.247267759562842,0.114267439758617,4.2160987564243,"123"
"3",1,0,0,0,NA,0,1,429,3661,42,576,0.104889975550122,0.0679611650485437,0.0369288105015786,2.77975659271826,"59 63"
"4",1,0,0,NA,0,0,1,148,2803,11,461,0.050152490681125,0.0233050847457627,0.0265031799348209,2.45550969778313,"55 63"
"5",NA,1,0,NA,1,0,1,1348,8805,221,1686,0.132768639810893,0.115888830624017,0.015143506048162,1.97335891483986,"19 83 27 91"
"6",NA,0,0,NA,1,0,1,868.5,1949.5,95.5,367.5,0.30819730305181,0.206263498920086,0.0692467613805303,4.40748158528081,"123 51 115"
"7",NA,NA,0,NA,NA,0,1,2083.5,76288.5,320.5,13803.5,0.0265847496554892,0.0226918719909374,0.00628354314479066,2.64785938656363,"59 63 19 83 27 91 87 119 23 31 55"
"8",0,NA,NA,NA,1,NA,NA,1388.5,1918.5,167.5,333.5,0.419866948896281,0.334331337325349,0.0393703720100172,3.58070026463543,"123 106 108 66 74 68 76"
"9",NA,NA,NA,NA,NA,NA,NA,2761.5,78328.5,436.5,14172.5,0.0340547539770625,0.0298788418098432,0.00590551129746707,2.56014963811313,"59 63 19 83 27 91 87 119 23 31 55 73 105 41 45 9 13 5 37 2 34 10 42"
