"","age.30","age.60","workclass.Private","workclass.Self.emp","workclass.gov","education.num.12","education.num.9","Prof","white","Male","hours.50","hours.30","US","class","leaf_index","n11","n12","n21","n22","pi_1","pi_2","phi","causal_effect_model","bias","N"
"1",1,NA,NA,NA,1,NA,NA,NA,NA,NA,NA,NA,NA,NA,3,22,201,25,407,0.0986547085201794,0.0578703703703704,0.040784338149809,0.0120561738208797,0.0287281643289293,655
"2",0,NA,NA,NA,1,NA,NA,NA,NA,NA,NA,NA,NA,NA,4,585,510,381,1121,0.534246575342466,0.253661784287616,0.280584791054849,0.276299829824714,0.00428496123013494,2597
"3",NA,NA,NA,NA,0,NA,NA,NA,NA,0,NA,NA,0,NA,7,46,123,37,543,0.272189349112426,0.0637931034482759,0.20839624566415,0.136573808704956,0.0718224369591939,749
"4",NA,NA,NA,NA,0,NA,NA,NA,NA,1,NA,NA,0,NA,8,212,214,146,988,0.497652582159624,0.128747795414462,0.368904786745162,0.372289570637541,0.0033847838923784,1560
"5",NA,NA,NA,NA,0,NA,NA,NA,NA,NA,NA,NA,1,NA,9,2087,2052,2314,12407,0.50422807441411,0.157190408260308,0.347037666153801,0.325647192449825,0.0213904737039767,18860
