"","age.30","age.60","workclass.Private","workclass.Self.emp","workclass.gov","education.num.12","education.num.9","Prof","white","Male","hours.50","hours.30","US","class","leaf_index","n11","n12","n21","n22","pi_1","pi_2","phi","causal_effect_model","bias","N"
"1",1,0,NA,NA,1,NA,NA,NA,NA,0,NA,NA,NA,NA,4,12,99,5,170,0.108108108108108,0.0285714285714286,0.0795366795366795,0.0162835249042146,0.063253154632465,286
"2",0,NA,NA,NA,1,NA,NA,NA,NA,0,NA,NA,0,NA,6,8,11,5,30,0.421052631578947,0.142857142857143,0.278195488721804,0.00925925925925924,0.268936229462545,54
"3",0,NA,NA,NA,1,NA,NA,NA,NA,0,NA,NA,1,NA,7,128,239,56,472,0.348773841961853,0.106060606060606,0.242713235901247,0.228779874213836,0.0139333616874103,895
"4",NA,NA,NA,NA,1,NA,NA,NA,NA,1,NA,NA,0,NA,9,52,44,14,45,0.541666666666667,0.23728813559322,0.304378531073446,0.165295169946333,0.139083361127114,155
"5",NA,NA,NA,NA,1,NA,NA,NA,NA,1,NA,NA,1,NA,10,398,317,323,822,0.556643356643357,0.282096069868996,0.274547286774361,0.301920161989497,0.0273728752151361,1860
"6",NA,NA,NA,NA,0,NA,NA,NA,0,NA,NA,NA,0,NA,13,116,167,43,476,0.409893992932862,0.0828516377649326,0.32704235516793,0.269946396858758,0.0570959583091715,802
"7",NA,NA,NA,NA,0,NA,NA,NA,1,NA,NA,NA,0,NA,14,135,165,124,1065,0.45,0.104289318755257,0.345710681244743,0.338430899508594,0.0072797817361499,1489
"8",NA,NA,NA,NA,0,NA,NA,NA,NA,NA,NA,NA,1,NA,15,2072,2119,2396,12293,0.49439274636125,0.163115256314249,0.331277490047002,0.341324315247099,0.0100468252000975,18880
