"","age.30","age.60","workclass.Private","workclass.Self.emp","workclass.gov","education.num.12","education.num.9","Prof","white","Male","hours.50","hours.30","US","class","leaf_index","n11","n12","n21","n22","pi_1","pi_2","phi","causal_effect_model","bias","N"
"1",1,NA,NA,NA,1,NA,NA,NA,NA,NA,NA,NA,0,NA,4,3,16,3,24,0.157894736842105,0.111111111111111,0.0467836257309941,-0.115384615384615,0.16216824111561,46
"2",1,NA,NA,NA,1,NA,NA,NA,NA,NA,NA,NA,1,NA,5,20,178,28,386,0.101010101010101,0.0676328502415459,0.0333772507685551,0.0333099579242637,6.72928442914389e-05,612
"3",0,NA,NA,NA,1,NA,NA,NA,NA,NA,NA,NA,NA,NA,6,585,508,394,1172,0.535224153705398,0.251596424010217,0.283627729695181,0.273839448521236,0.00978828117394448,2659
"4",NA,NA,NA,NA,0,NA,NA,NA,0,NA,NA,1,0,NA,10,4,14,0,59,0.222222222222222,0,0.222222222222222,0.0568326947637292,0.165389527458493,77
"5",NA,NA,NA,NA,0,NA,NA,NA,0,NA,NA,0,0,NA,11,105,140,48,404,0.428571428571429,0.106194690265487,0.322376738305942,0.302597124246349,0.0197796140595924,697
"6",NA,NA,NA,NA,0,NA,NA,NA,1,0,NA,NA,0,NA,13,21,63,21,330,0.25,0.0598290598290598,0.19017094017094,0.15109479124167,0.0390761489292701,435
"7",NA,NA,NA,NA,0,NA,NA,NA,1,1,NA,NA,0,NA,14,123,106,116,724,0.537117903930131,0.138095238095238,0.399022665834893,0.400109818687106,0.00108715285221339,1069
"8",NA,NA,NA,NA,0,NA,NA,NA,NA,NA,NA,NA,1,NA,15,2092,2097,2313,12324,0.499403198854142,0.15802418528387,0.341379013570272,0.331186198683319,0.0101928148869527,18826
