"","age.30","age.60","workclass.Private","workclass.Self.emp","workclass.gov","education.num.12","education.num.9","Prof","white","Male","hours.50","hours.30","US","class","leaf_index","n11","n12","n21","n22","pi_1","pi_2","phi","causal_effect_model","bias","N"
"1",1,NA,NA,NA,1,NA,NA,NA,NA,NA,1,0,NA,NA,4,4,23,4,15,0.148148148148148,0.210526315789474,-0.0623781676413255,-0.188095238095238,0.125717070453913,46
"2",1,NA,NA,NA,1,NA,NA,NA,NA,1,0,NA,NA,NA,6,9,77,12,213,0.104651162790698,0.0533333333333333,0.0513178294573643,0.000738167607468532,0.0505796618498958,311
"3",1,NA,NA,NA,1,NA,NA,NA,NA,0,0,NA,NA,NA,7,5,88,4,176,0.0537634408602151,0.0222222222222222,0.0315412186379928,0.0748000244244978,0.0432588057865049,273
"4",0,NA,NA,NA,1,NA,NA,NA,NA,NA,NA,NA,NA,NA,8,615,539,363,1129,0.532928942807626,0.243297587131367,0.289631355676258,0.266772103494592,0.0228592521816669,2646
"5",NA,NA,NA,NA,0,NA,NA,NA,0,NA,1,0,0,NA,12,19,10,11,36,0.655172413793103,0.234042553191489,0.421129860601614,0.132867132867133,0.288262727734481,76
"6",NA,NA,NA,NA,0,NA,NA,NA,0,NA,0,NA,0,NA,13,82,152,37,465,0.35042735042735,0.0737051792828685,0.276722171144482,0.31827527697375,0.041553105829268,736
"7",NA,NA,NA,NA,0,NA,NA,NA,1,NA,0,1,0,NA,15,2,22,7,140,0.0833333333333333,0.0476190476190476,0.0357142857142857,0.126612266385891,0.0908979806716053,171
"8",NA,NA,NA,NA,0,NA,NA,NA,1,NA,NA,0,0,NA,16,144,148,123,946,0.493150684931507,0.115060804490178,0.378089880441329,0.349503220875641,0.0285866595656876,1361
"9",NA,NA,NA,NA,0,NA,NA,NA,NA,NA,NA,NA,1,NA,17,2029,2030,2386,12356,0.499876816949988,0.161850495183829,0.338026321766159,0.334761776804196,0.00326454496196282,18801
