"","age.30","age.60","workclass.Private","workclass.Self.emp","workclass.gov","education.num.12","education.num.9","Prof","white","Male","hours.50","hours.30","US","class","leaf_index","n11","n12","n21","n22","pi_1","pi_2","phi","causal_effect_model","bias","N"
"1",1,0,NA,NA,1,NA,NA,0,NA,0,NA,NA,NA,NA,5,1,25,3,135,0.0384615384615385,0.0217391304347826,0.0167224080267559,-0.0225563909774436,0.0392787990041995,164
"2",1,0,NA,NA,1,NA,NA,1,NA,0,NA,NA,NA,NA,6,9,85,1,41,0.0957446808510638,0.0238095238095238,0.07193515704154,0.0632911392405063,0.00864401780103369,136
"3",0,NA,NA,NA,1,NA,NA,NA,NA,0,NA,NA,NA,NA,7,138,255,46,485,0.351145038167939,0.0866290018832392,0.2645160362847,0.198595930358146,0.0659201059265539,924
"4",NA,NA,NA,NA,1,NA,NA,NA,NA,1,NA,NA,0,NA,9,47,44,18,47,0.516483516483517,0.276923076923077,0.23956043956044,0.228347923263178,0.0112125162972621,156
"5",NA,NA,NA,NA,1,NA,NA,NA,NA,1,NA,NA,1,NA,10,437,325,344,858,0.573490813648294,0.286189683860233,0.287301129788061,0.28966164244397,0.00236051265590886,1964
"6",NA,NA,NA,NA,0,NA,NA,NA,NA,0,NA,NA,0,NA,13,37,115,29,536,0.243421052631579,0.0513274336283186,0.19209361900326,0.161081560283688,0.0310120587195724,717
"7",NA,NA,NA,NA,0,NA,NA,NA,0,1,NA,NA,0,NA,15,101,116,43,286,0.465437788018433,0.130699088145897,0.334738699872537,0.327348993288591,0.00738970658394594,546
"8",NA,NA,NA,NA,0,NA,NA,NA,1,1,NA,NA,0,NA,16,115,116,110,719,0.497835497835498,0.132689987937274,0.365145509898224,0.437077146365971,0.0719316364677467,1060
"9",NA,NA,NA,NA,0,NA,NA,NA,NA,NA,NA,NA,1,NA,17,2027,2064,2344,12319,0.495477878269372,0.15985814635477,0.335619731914601,0.336943986220814,0.00132425430621286,18754
