"","age.30","age.60","workclass.Private","workclass.Self.emp","workclass.gov","education.num.12","education.num.9","Prof","white","Male","hours.50","hours.30","US","class","leaf_index","n11","n12","n21","n22","pi_1","pi_2","phi","causal_effect_model","bias","N"
"1",1,NA,NA,NA,1,NA,NA,NA,NA,NA,NA,NA,0,NA,4,2,16,2,25,0.111111111111111,0.0740740740740741,0.037037037037037,-0.116809116809117,0.153846153846154,45
"2",0,NA,NA,NA,1,NA,NA,NA,0,NA,NA,NA,0,NA,6,27,24,4,13,0.529411764705882,0.235294117647059,0.294117647058824,0.0941408821593153,0.199976764899508,68
"3",0,NA,NA,NA,1,NA,NA,NA,1,NA,NA,NA,0,NA,7,32,25,8,33,0.56140350877193,0.195121951219512,0.366281557552418,0.32404181184669,0.0422397457057277,98
"4",1,NA,NA,NA,1,NA,NA,NA,NA,0,NA,NA,1,NA,10,5,100,4,150,0.0476190476190476,0.025974025974026,0.0216450216450216,0.0894494073684825,0.0678043857234609,259
"5",0,NA,NA,NA,1,NA,NA,NA,NA,0,NA,NA,1,NA,11,129,257,56,455,0.33419689119171,0.10958904109589,0.224607850095819,0.246785325472958,0.0221774753771383,897
"6",NA,NA,NA,NA,1,NA,NA,NA,NA,1,NA,NA,1,NA,12,410,311,335,810,0.568654646324549,0.292576419213974,0.276078227110575,0.300606949366573,0.0245287222559976,1866
"7",NA,NA,NA,NA,0,NA,NA,NA,NA,NA,NA,NA,1,NA,14,2114,2095,2382,12322,0.502257068187218,0.161996735582155,0.340260332605063,0.332200359694707,0.00805997291035621,18913
"8",NA,NA,NA,NA,0,NA,NA,NA,NA,NA,NA,NA,0,NA,15,233,335,186,1520,0.410211267605634,0.109026963657679,0.301184303947955,0.341108423425647,0.0399241194776921,2274
