"","age.30","age.60","workclass.Private","workclass.Self.emp","workclass.gov","education.num.12","education.num.9","Prof","white","Male","hours.50","hours.30","US","class","leaf_index","n11","n12","n21","n22","pi_1","pi_2","phi","causal_effect_model","bias","N"
"1",1,NA,NA,NA,1,NA,NA,NA,NA,0,NA,NA,NA,NA,4,6,98,4,168,0.0576923076923077,0.0232558139534884,0.0344364937388193,0.0613117170228445,0.0268752232840252,276
"2",0,NA,NA,NA,1,NA,NA,NA,NA,0,NA,NA,NA,NA,5,144,272,66,525,0.346153846153846,0.111675126903553,0.234478719250293,0.226082423647737,0.00839629560255584,1007
"3",NA,NA,NA,NA,1,NA,NA,NA,NA,1,NA,NA,0,NA,7,51,44,17,40,0.536842105263158,0.298245614035088,0.23859649122807,0.225596157145308,0.0130003340827622,152
"4",NA,NA,NA,NA,1,NA,NA,NA,NA,1,NA,NA,1,NA,8,397,315,320,830,0.557584269662921,0.278260869565217,0.279323400097704,0.297140006651147,0.0178166065534435,1862
"5",NA,NA,NA,NA,0,NA,NA,NA,0,NA,NA,NA,0,NA,11,100,149,48,448,0.401606425702811,0.0967741935483871,0.304832232154424,0.294896004378763,0.00993622777566117,745
"6",NA,NA,NA,NA,0,NA,NA,NA,1,0,NA,NA,0,NA,13,14,59,17,348,0.191780821917808,0.0465753424657534,0.145205479452055,0.191981757110721,0.046776277658666,438
"7",NA,NA,NA,NA,0,NA,NA,NA,1,1,NA,NA,0,NA,14,109,106,108,747,0.506976744186047,0.126315789473684,0.380660954712362,0.418096523359681,0.037435568647319,1070
"8",NA,NA,NA,NA,0,NA,NA,NA,NA,NA,NA,NA,1,NA,15,2047,2147,2384,12293,0.488078206962327,0.162431014512503,0.325647192449825,0.347037666153801,0.0213904737039767,18871
