"","age.30","age.60","workclass.Private","workclass.Self.emp","workclass.gov","education.num.12","education.num.9","Prof","white","Male","hours.50","hours.30","US","class","leaf_index","n11","n12","n21","n22","pi_1","pi_2","phi","causal_effect_model","bias","N"
"1",1,NA,NA,NA,1,NA,NA,NA,NA,0,NA,NA,NA,NA,4,9,106,3,177,0.0782608695652174,0.0166666666666667,0.0615942028985507,0.0340236686390533,0.0275705342594975,295
"2",0,NA,NA,NA,1,NA,NA,NA,NA,0,NA,NA,NA,NA,5,117,264,54,492,0.307086614173228,0.0989010989010989,0.208185515272129,0.251212365047742,0.0430268497756121,927
"3",NA,NA,NA,NA,1,NA,NA,NA,NA,1,NA,NA,0,NA,7,46,45,18,39,0.505494505494505,0.315789473684211,0.189705031810295,0.273741184188945,0.0840361523786504,148
"4",NA,NA,NA,NA,1,NA,NA,NA,NA,1,NA,NA,1,NA,8,421,337,332,804,0.555408970976253,0.292253521126761,0.263155449849493,0.314578154416451,0.0514227045669579,1894
"5",NA,NA,NA,NA,0,NA,NA,NA,0,NA,NA,NA,0,NA,11,115,161,56,445,0.416666666666667,0.111776447105788,0.304890219560878,0.292406021360693,0.0124841982001853,777
"6",NA,NA,NA,NA,0,NA,NA,NA,1,0,NA,NA,0,NA,13,17,62,18,348,0.215189873417722,0.0491803278688525,0.166009545548869,0.177021107128634,0.0110115615797649,445
"7",NA,NA,NA,NA,0,NA,NA,NA,1,1,NA,NA,0,NA,14,115,124,106,725,0.481171548117155,0.127557160048135,0.35361438806902,0.453876212406671,0.100261824337651,1070
"8",NA,NA,NA,NA,0,NA,NA,NA,NA,NA,NA,NA,1,NA,15,2107,2151,2296,12311,0.494833255049319,0.157184911343876,0.337648343705443,0.335027261230403,0.00262108247503934,18865
