"","age.30","age.60","workclass.Private","workclass.Self.emp","workclass.gov","education.num.12","education.num.9","Prof","white","Male","hours.50","hours.30","US","class","leaf_index","n11","n12","n21","n22","pi_1","pi_2","phi","causal_effect_model","bias","N"
"1",1,0,NA,NA,1,NA,NA,0,NA,0,NA,NA,NA,NA,5,1,22,1,119,0.0434782608695652,0.00833333333333333,0.0351449275362319,-0.033112582781457,0.0682575103176888,143
"2",1,0,NA,NA,1,NA,NA,1,NA,0,NA,NA,NA,NA,6,8,82,1,43,0.0888888888888889,0.0227272727272727,0.0661616161616162,0.072289156626506,0.00612754046488985,134
"3",0,NA,NA,NA,1,NA,NA,NA,NA,0,NA,NA,NA,NA,7,118,250,69,518,0.320652173913043,0.117546848381601,0.203105325531442,0.256648697214735,0.0535433716832928,955
"4",NA,NA,NA,NA,1,NA,NA,NA,NA,1,1,0,NA,NA,9,75,36,43,59,0.675675675675676,0.42156862745098,0.254107048224695,0.0932637906647807,0.160843257559915,213
"5",NA,NA,NA,NA,1,NA,NA,NA,NA,1,0,NA,NA,NA,10,370,323,316,819,0.533910533910534,0.2784140969163,0.255496436994234,0.319252077562327,0.0637556405680925,1828
"6",NA,NA,NA,NA,0,NA,NA,NA,NA,0,NA,NA,0,NA,13,45,111,25,535,0.288461538461538,0.0446428571428571,0.243818681318681,0.108670181605155,0.135148499713526,716
"7",NA,NA,NA,NA,0,NA,NA,NA,0,1,NA,NA,0,NA,15,92,100,47,246,0.479166666666667,0.160409556313993,0.318757110352674,0.339698980417543,0.0209418700648698,485
"8",NA,NA,NA,NA,0,NA,NA,NA,1,1,NA,NA,0,NA,16,97,108,106,706,0.473170731707317,0.130541871921182,0.342628859786135,0.449618826648989,0.106989966862854,1017
"9",NA,NA,NA,NA,0,NA,NA,NA,NA,NA,NA,NA,1,NA,17,2105,2169,2312,12344,0.492512868507253,0.157751091703057,0.334761776804196,0.338026321766159,0.00326454496196282,18930
