"","age.30","age.60","workclass.Private","workclass.Self.emp","workclass.gov","education.num.12","education.num.9","Prof","white","Male","hours.50","hours.30","US","class","leaf_index","n11","n12","n21","n22","pi_1","pi_2","phi","causal_effect_model","bias","N"
"1",1,0,NA,NA,1,NA,NA,NA,NA,NA,NA,NA,0,NA,4,2,17,2,22,0.105263157894737,0.0833333333333333,0.0219298245614035,-0.0994694960212202,0.121399320582624,43
"2",1,0,NA,NA,1,NA,NA,NA,NA,NA,NA,NA,1,NA,5,13,171,25,358,0.0706521739130435,0.0652741514360313,0.00537802247701213,0.0592651076522044,0.0538870851751923,567
"3",0,NA,NA,NA,1,NA,NA,NA,NA,NA,NA,NA,NA,NA,6,574,546,366,1138,0.5125,0.243351063829787,0.269148936170213,0.288141388045821,0.0189924518756081,2624
"4",NA,NA,NA,NA,0,NA,NA,NA,NA,0,NA,NA,0,NA,9,32,111,27,518,0.223776223776224,0.0495412844036697,0.174234939372554,0.177687038988409,0.00345209961585483,688
"5",NA,NA,NA,NA,0,NA,NA,NA,0,1,NA,NA,0,NA,11,97,110,47,269,0.468599033816425,0.14873417721519,0.319864856601235,0.341970871950066,0.0221060153488309,523
"6",NA,NA,NA,NA,0,NA,NA,NA,1,1,NA,NA,0,NA,12,123,99,102,704,0.554054054054054,0.126550868486352,0.427503185567702,0.372161519694727,0.0553416658729752,1028
"7",NA,0,NA,NA,0,NA,NA,NA,NA,NA,NA,NA,1,NA,14,1894,1888,2152,11532,0.500793231094659,0.157263957907045,0.343529273187614,0.325221205882032,0.0183080673055819,17466
"8",0,1,NA,NA,0,NA,NA,NA,NA,NA,NA,NA,1,NA,15,146,159,181,996,0.478688524590164,0.153780798640612,0.324907725949552,0.390739905948002,0.0658321799984498,1482
