"","age.30","age.60","wkcls.private","wkcls.self_emp","wkcls.gov","educ.12","occ.prof","sex.male","hours.full","income.50K","leaf_index","n11","n12","n21","n22","pi_1","pi_2","phi","causal_effect_model","bias","N"
"1",NA,0,NA,NA,NA,NA,NA,0,NA,NA,3,1326,8607,914,59407,0.13349441256418,0.0151522686958107,0.118342143868369,0.121988799803705,0.00364665593533622,70254
"2",0,1,0,NA,NA,NA,NA,0,NA,NA,5,175,1229,190,11305,0.124643874643875,0.0165289256198347,0.10811494902404,0.112692481095063,0.00457753207102334,12899
"3",0,1,1,0,0,NA,NA,0,NA,NA,6,87,307,148,2255,0.220812182741117,0.0615896795672077,0.159222503173909,0.234104424084602,0.074881920910693,2797
"4",0,0,0,0,1,NA,1,1,0,NA,12,151,354,40,83,0.299009900990099,0.32520325203252,-0.0261933510424213,-0.0818295600373897,0.0556362089949684,628
"5",1,0,0,0,1,NA,1,1,0,NA,13,4,107,0,57,0.036036036036036,0,0.036036036036036,-0.0280323450134771,0.0640683810495131,168
"6",NA,0,0,0,1,NA,1,1,1,NA,14,251,437,67,198,0.364825581395349,0.252830188679245,0.111995392716104,0.0855820513539011,0.0264133413622025,953
"7",NA,0,0,0,1,NA,0,1,NA,NA,15,333,538,405,2755,0.382319173363949,0.128164556962025,0.254154616401924,0.265496953768964,0.0113423373670402,4031
"8",0,1,0,0,1,NA,NA,1,NA,NA,16,335,150,208,522,0.690721649484536,0.284931506849315,0.405790142635221,0.333236751718851,0.07255339091637,1215
"9",NA,NA,NA,NA,0,NA,NA,1,NA,NA,17,5160,7167,5353,63439,0.418593331710879,0.0778142807303175,0.340779050980561,0.346596069795485,0.00581701881492436,81119
