"","age.30","age.60","wkcls.private","wkcls.self_emp","wkcls.gov","educ.12","occ.prof","sex.male","hours.full","income.50K","leaf_index","n11","n12","n21","n22","pi_1","pi_2","phi","causal_effect_model","bias","N"
"1",NA,1,0,NA,NA,NA,NA,0,NA,NA,4,193,1227,200,11299,0.135915492957746,0.0173928167666754,0.118522676191071,0.102553278262459,0.0159693979286119,12919
"2",NA,1,1,0,0,NA,NA,0,NA,NA,5,103,307,136,2174,0.251219512195122,0.0588744588744589,0.192345053320663,0.198507176171697,0.00616212285103418,2720
"3",NA,0,NA,NA,NA,NA,NA,0,NA,NA,6,1342,8690,929,59461,0.133771929824561,0.0153833416128498,0.118388588211712,0.121977263462317,0.00358867525060576,70422
"4",NA,0,0,0,1,NA,1,1,NA,NA,10,419,874,111,359,0.324052590873937,0.236170212765957,0.0878823781079791,0.0134995829858215,0.0743827951221576,1763
"5",NA,0,0,0,1,NA,0,1,NA,NA,11,349,532,384,2738,0.396140749148695,0.122998078155029,0.273142670993666,0.246169452587139,0.0269732184065266,4003
"6",NA,1,0,0,1,NA,NA,1,NA,NA,12,334,158,227,487,0.678861788617886,0.317927170868347,0.360934617749539,0.378842229234656,0.017907611485117,1206
"7",NA,NA,NA,NA,0,NA,NA,1,NA,NA,13,5093,7092,5282,63564,0.417972917521543,0.076721959155216,0.341250958366327,0.34607391607358,0.00482295770725288,81031
