"","age.30","age.60","wkcls.private","wkcls.self_emp","wkcls.gov","educ.12","occ.prof","sex.male","hours.full","income.50K","leaf_index","n11","n12","n21","n22","pi_1","pi_2","phi","causal_effect_model","bias","N"
"1",NA,0,NA,NA,NA,NA,NA,0,NA,NA,3,1392,8782,894,59387,0.136819343424415,0.0148305436207097,0.121988799803705,0.118342143868369,0.00364665593533622,70455
"2",0,1,NA,NA,NA,NA,NA,0,NA,NA,4,294,1532,317,13420,0.161007667031763,0.0230763631069375,0.137931303924826,0.121397417798929,0.0165338861258965,15563
"3",NA,0,0,0,1,NA,1,1,0,NA,9,158,444,53,127,0.262458471760797,0.294444444444444,-0.0319859726836471,0.0294011544011544,0.0613871270848015,782
"4",NA,0,0,0,1,NA,1,1,1,NA,10,293,469,84,197,0.384514435695538,0.298932384341637,0.0855820513539011,0.111995392716104,0.0264133413622025,1043
"5",1,0,0,0,1,NA,0,1,0,NA,13,4,45,9,420,0.0816326530612245,0.020979020979021,0.0606536320822035,-0.0332979771194787,0.0939516092016822,478
"6",0,0,0,0,1,NA,0,1,0,NA,14,171,250,145,1075,0.406175771971496,0.118852459016393,0.287323312955103,0.292413182924132,0.00508986996902877,1641
"7",NA,0,0,0,1,NA,0,1,1,NA,15,163,247,207,1188,0.397560975609756,0.148387096774194,0.249173878835563,0.258855058582223,0.00968117974666055,1805
"8",0,1,0,0,1,NA,NA,1,NA,NA,16,308,158,233,478,0.660944206008584,0.327707454289733,0.333236751718851,0.405790142635221,0.07255339091637,1177
"9",NA,NA,NA,NA,0,NA,NA,1,NA,NA,17,5140,7022,5243,63715,0.422627857260319,0.0760317874648337,0.346596069795485,0.340779050980561,0.00581701881492436,81120
