"","age.30","age.60","wkcls.private","wkcls.self_emp","wkcls.gov","educ.12","occ.prof","sex.male","hours.full","income.50K","leaf_index","n11","n12","n21","n22","pi_1","pi_2","phi","causal_effect_model","bias","N"
"1",1,0,0,0,1,NA,NA,0,NA,NA,5,13,522,15,821,0.0242990654205607,0.0179425837320574,0.00635648168850333,0.0245859280121961,0.0182294463236927,1371
"2",0,0,0,0,1,NA,NA,0,NA,NA,6,348,1821,137,2826,0.160442600276625,0.0462369220384745,0.114205678238151,0.114037916461583,0.000167761776567826,5132
"3",NA,0,NA,NA,0,NA,NA,0,NA,NA,7,968,6410,747,55766,0.131200867443752,0.013218197582857,0.117982669860895,0.126120569105962,0.00813789924506746,63891
"4",0,1,NA,NA,NA,NA,NA,0,NA,NA,8,277,1534,325,13517,0.152954168967421,0.0234792660020228,0.129474902965398,0.129963403021165,0.000488500055766755,15653
"5",NA,NA,NA,NA,NA,NA,NA,1,NA,NA,9,6152,8849,6071,66945,0.410105992933804,0.0831461597458091,0.326959833187995,0.343748117139541,0.0167882839515459,88017
