"","age.30","age.60","wkcls.private","wkcls.self_emp","wkcls.gov","educ.12","occ.prof","sex.male","hours.full","income.50K","leaf_index","n11","n12","n21","n22","pi_1","pi_2","phi","causal_effect_model","bias","N"
"1",NA,0,NA,NA,NA,NA,NA,0,NA,NA,3,1389,8636,909,59381,0.1385536159601,0.0150771272184442,0.123476488741656,0.11691326046172,0.00656322827993534,70315
"2",0,1,NA,NA,NA,NA,NA,0,NA,NA,4,279,1534,330,13463,0.153888582460011,0.0239251794388458,0.129963403021165,0.129474902965398,0.000488500055766755,15606
"3",0,0,0,0,1,NA,1,1,0,NA,10,158,338,48,78,0.318548387096774,0.380952380952381,-0.0624039938556067,-0.0462195588422797,0.016184435013327,622
"4",1,0,0,0,1,NA,1,1,0,NA,11,4,102,3,56,0.0377358490566038,0.0508474576271186,-0.0131116085705149,0.0272727272727273,0.0403843358432422,165
"5",NA,0,0,0,1,NA,1,1,1,NA,12,298,469,73,199,0.388526727509778,0.268382352941176,0.120144374568602,0.0755041626144853,0.0446402119541166,1039
"6",NA,0,0,0,1,NA,0,1,1,NA,14,168,231,231,1260,0.421052631578947,0.154929577464789,0.266123054114159,0.24151534586657,0.0246077082475881,1890
"7",NA,0,0,0,1,NA,0,1,0,NA,15,176,277,160,1463,0.388520971302428,0.0985828712261245,0.289938100076304,0.245797527513945,0.0441405725623584,2076
"8",0,1,0,0,1,NA,NA,1,NA,NA,16,354,147,208,509,0.706586826347305,0.290097629009763,0.416489197337543,0.320399017802333,0.0960901795352098,1218
"9",NA,NA,NA,NA,0,NA,NA,1,NA,NA,17,5161,6975,5253,63744,0.425263678312459,0.0761337449454324,0.349129933367026,0.338299332178476,0.0108306011885508,81133
