"","age.30","age.60","wkcls.private","wkcls.self_emp","wkcls.gov","educ.12","occ.prof","sex.male","hours.full","income.50K","leaf_index","n11","n12","n21","n22","pi_1","pi_2","phi","causal_effect_model","bias","N"
"1",NA,0,NA,NA,NA,NA,NA,0,NA,NA,3,1373,8683,888,59263,0.136535401750199,0.0147628468354641,0.121772554914735,0.118598592941988,0.00317396197274664,70207
"2",NA,1,0,NA,NA,NA,NA,0,NA,NA,5,181,1241,177,11336,0.127285513361463,0.015373925128116,0.111911588233347,0.10898103271082,0.0029305555225264,12935
"3",NA,1,1,0,0,NA,NA,0,NA,NA,6,97,305,131,2227,0.241293532338308,0.0555555555555556,0.185737976782753,0.206364023064562,0.0206260462818089,2760
"4",NA,0,0,0,1,NA,1,1,NA,NA,10,448,878,126,333,0.337858220211161,0.274509803921569,0.0633484162895928,0.0407868985820355,0.0225615177075572,1785
"5",NA,0,0,0,1,NA,0,1,NA,NA,11,328,541,367,2774,0.377445339470656,0.116841770136899,0.260603569333757,0.258624442267929,0.00197912706582787,4010
"6",NA,1,0,0,1,NA,NA,1,NA,NA,12,317,164,235,487,0.659043659043659,0.325484764542936,0.333558894500723,0.407107980942799,0.0735490864420761,1203
"7",NA,NA,NA,NA,0,NA,NA,1,NA,NA,13,5112,7214,5285,63553,0.414733084536752,0.0767744559690868,0.337958628567665,0.349470199275032,0.0115115707073673,81164
